{"cameraMode":{"drawMode":0,"name":"Shaded","section":"Shading Mode"},"sceneLighting":false,"audioPlay":false,"sceneViewState":{"showFog":true,"showMaterialUpdate":false,"showSkybox":false,"showFlares":true,"showImageEffects":true,"showParticleSystems":true},"in2DMode":false,"pivot":{"x":-7.259023189544678,"y":22.710464477539064,"z":-1.0431523323059083},"rotation":{"x":0.0647527426481247,"y":0.612700343132019,"z":0.05047014728188515,"w":-0.7860461473464966},"size":4.286826133728027,"orthographic":false}